"1";"2020-11-15 20:58:58";"png"
"2";"2020-11-15 20:58:58";"png"
"3";"2020-11-15 20:58:58";"png"
"4";"2020-11-15 20:58:58";"png"
"5";"2020-11-15 20:58:58";"png"
"6";"2020-11-15 20:58:58";"png"
"7";"2020-11-15 20:58:58";"png"
"8";"2020-11-15 20:58:58";"png"
"9";"2020-11-15 20:58:58";"png"
"10";"2020-11-15 20:58:58";"png"
"11";"2020-11-15 21:12:34";"jpeg"
"12";"2020-11-15 21:12:34";"jpeg"
"13";"2020-11-15 21:12:34";"jpeg"
"14";"2020-11-15 21:12:34";"png"
"15";"2020-11-15 21:12:34";"jpeg"
"16";"2020-11-15 21:12:34";"jpeg"
"17";"2020-11-15 21:12:34";"jpeg"
"18";"2020-11-15 21:12:34";"jpeg"
"19";"2020-11-15 21:12:35";"jpeg"
"20";"2020-11-15 21:12:35";"jpeg"
"21";"2020-11-15 21:12:35";"jpeg"
"22";"2020-11-15 22:33:18";"jpeg"
"23";"2020-11-15 22:33:18";"jpeg"
"24";"2020-11-15 22:33:18";"jpeg"
"25";"2020-11-15 22:33:18";"jpeg"
"26";"2020-11-15 22:33:18";"jpeg"
"27";"2020-11-15 22:33:18";"jpeg"
"28";"2020-11-15 22:33:18";"jpeg"
"29";"2020-11-15 22:33:18";"jpeg"
"30";"2020-11-15 22:33:18";"jpeg"
"31";"2020-11-15 22:33:18";"jpeg"
"32";"2020-11-15 22:33:18";"jpeg"
"33";"2020-11-15 22:33:18";"jpeg"
"34";"2020-11-15 22:33:18";"jpeg"
"35";"2020-11-15 22:33:18";"jpeg"
"36";"2020-11-15 22:33:18";"jpeg"
"37";"2020-11-15 22:33:18";"jpeg"
"38";"2020-11-15 22:33:18";"jpeg"
"39";"2020-11-15 22:33:18";"jpeg"
"40";"2020-11-15 22:33:19";"jpeg"
"41";"2020-11-15 22:33:19";"jpeg"
"42";"2020-11-15 22:33:19";"jpeg"
"43";"2020-11-15 22:33:19";"jpeg"
"44";"2020-11-15 22:33:19";"jpeg"
"45";"2020-11-15 22:33:19";"jpeg"
"46";"2020-11-15 22:33:19";"jpeg"
"47";"2020-11-15 22:33:19";"jpeg"
"48";"2020-11-15 22:33:19";"jpeg"
"49";"2020-11-15 22:33:19";"png"
"50";"2020-11-15 22:33:19";"jpeg"
"51";"2020-11-15 22:33:19";"jpeg"
"52";"2020-11-15 22:33:19";"jpeg"
"53";"2020-11-15 22:33:19";"jpeg"
"54";"2020-11-15 22:33:19";"jpeg"
"55";"2020-11-15 22:33:19";"jpeg"
"56";"2020-11-15 22:33:19";"jpeg"
"57";"2020-11-15 22:33:19";"jpeg"
"58";"2020-11-15 22:33:19";"jpeg"
"59";"2020-11-15 22:33:19";"jpeg"
"60";"2020-11-15 22:33:19";"jpeg"
"61";"2020-11-15 22:33:20";"jpeg"
"62";"2020-11-15 22:33:20";"jpeg"
"63";"2020-11-15 22:33:20";"jpeg"
"64";"2020-11-15 22:33:20";"jpeg"
"65";"2020-11-15 22:33:20";"jpeg"
"66";"2020-11-15 22:33:20";"jpeg"
"67";"2020-11-15 22:33:20";"jpeg"
"68";"2020-11-15 22:33:20";"jpeg"
"69";"2020-11-15 22:33:20";"jpeg"
"70";"2020-11-15 22:33:20";"jpeg"
"71";"2020-11-15 22:33:20";"jpeg"
"72";"2020-11-15 22:33:20";"jpeg"
"73";"2020-11-15 22:33:20";"jpeg"
"74";"2020-11-15 22:33:20";"jpeg"
"75";"2020-11-15 22:33:20";"jpeg"
"76";"2020-11-15 22:33:20";"jpeg"
"77";"2020-11-15 22:33:20";"jpeg"
"78";"2020-11-15 22:33:20";"jpeg"
"79";"2020-11-15 22:33:20";"jpeg"
"80";"2020-11-15 22:33:20";"jpeg"
"81";"2020-11-15 22:33:20";"jpeg"
"82";"2020-11-15 22:33:21";"jpeg"
"83";"2020-11-15 22:33:21";"jpeg"
"84";"2020-11-15 22:33:21";"jpeg"
"85";"2020-11-15 22:33:21";"jpeg"
"86";"2020-11-15 22:33:21";"jpeg"
"87";"2020-11-15 22:33:21";"jpeg"
"88";"2020-11-15 22:33:21";"jpeg"
"89";"2020-11-15 22:33:21";"jpeg"
"90";"2020-11-15 22:33:21";"jpeg"
"91";"2020-11-15 22:33:21";"jpeg"
"92";"2020-11-15 22:33:21";"jpeg"
"93";"2020-11-15 22:33:21";"jpeg"
"94";"2020-11-15 22:33:21";"jpeg"
"95";"2020-11-15 22:33:21";"png"
"96";"2020-11-15 22:33:21";"png"
"97";"2020-11-15 22:33:21";"jpeg"
"98";"2020-11-15 22:33:21";"jpeg"
"99";"2020-11-15 22:33:21";"jpeg"
"100";"2020-11-15 22:33:21";"jpeg"
"101";"2020-11-15 22:33:21";"jpeg"
"102";"2020-11-15 22:33:21";"jpeg"
"103";"2020-11-15 22:33:22";"jpeg"
"104";"2020-11-15 22:33:22";"jpeg"
"105";"2020-11-15 22:33:22";"jpeg"
"106";"2020-11-15 22:33:22";"jpeg"
"107";"2020-11-16 21:51:53";"jpeg"
"108";"2020-11-16 21:51:53";"jpeg"
"109";"2020-11-16 21:51:53";"jpeg"
"110";"2020-11-16 21:51:53";"jpeg"
"111";"2020-11-16 21:51:53";"jpeg"
"112";"2020-11-16 21:51:53";"jpeg"
"113";"2020-11-16 21:51:53";"jpeg"
"114";"2020-11-16 21:51:53";"jpeg"
"115";"2020-11-16 21:51:53";"jpeg"
"116";"2020-11-16 21:51:53";"jpeg"
"117";"2020-11-16 21:51:54";"jpeg"
"118";"2020-11-16 21:51:54";"jpeg"
"119";"2020-11-16 21:51:54";"jpeg"
"120";"2020-11-16 21:51:54";"jpeg"
"121";"2020-11-16 21:51:54";"jpeg"
"122";"2020-11-16 21:51:54";"jpeg"
"123";"2020-11-16 21:51:54";"jpeg"
"124";"2020-11-16 21:51:54";"jpeg"
"125";"2020-11-16 21:51:54";"jpeg"
"126";"2020-11-16 21:51:54";"jpeg"
"127";"2020-11-16 21:51:54";"jpeg"
"128";"2020-11-16 21:51:54";"jpeg"
"129";"2020-11-16 21:51:54";"jpeg"
"131";"2020-11-16 21:51:54";"jpeg"
"132";"2020-11-16 21:51:54";"jpeg"
"133";"2020-11-16 21:51:55";"jpeg"
"134";"2020-11-16 21:51:55";"jpeg"
"135";"2020-11-16 21:51:55";"jpeg"
"136";"2020-11-16 21:51:55";"jpeg"
"137";"2020-11-16 21:51:55";"jpeg"
"138";"2020-11-16 21:51:55";"jpeg"
"139";"2020-11-16 21:51:55";"jpeg"
"140";"2020-11-16 21:51:55";"jpeg"
"141";"2020-11-16 21:51:55";"jpeg"
"142";"2020-11-16 21:51:55";"jpeg"
"144";"2020-11-16 21:51:55";"jpeg"
"145";"2020-11-16 21:51:55";"jpeg"
"146";"2020-11-16 21:51:55";"jpeg"
"147";"2020-11-16 21:51:55";"jpeg"
"148";"2020-11-16 21:51:56";"jpeg"
"149";"2020-11-16 21:51:56";"jpeg"
"150";"2020-11-16 21:51:56";"png"
"151";"2020-11-16 21:51:56";"jpeg"
"152";"2020-11-16 21:51:56";"jpeg"
"153";"2020-11-16 21:51:56";"jpeg"
"154";"2020-11-16 21:51:56";"jpeg"
"155";"2020-11-16 21:51:56";"jpeg"
"156";"2020-11-16 21:51:56";"jpeg"
"157";"2020-11-16 21:51:56";"jpeg"
"158";"2020-11-16 21:51:56";"jpeg"
"159";"2020-11-16 21:51:56";"jpeg"
"160";"2020-11-16 21:51:56";"jpeg"
"161";"2020-11-16 21:51:56";"jpeg"
"162";"2020-11-16 21:51:57";"jpeg"
"163";"2020-11-16 21:51:57";"jpeg"
"164";"2020-11-16 21:51:57";"jpeg"
"165";"2020-11-16 21:51:57";"jpeg"
"166";"2020-11-16 21:51:57";"jpeg"
"167";"2020-11-16 21:51:57";"jpeg"
"168";"2020-11-16 21:51:57";"jpeg"
"169";"2020-11-16 21:51:57";"png"
"170";"2020-11-16 21:51:57";"jpeg"
"172";"2020-11-16 21:51:57";"jpeg"
"174";"2020-11-16 21:51:57";"jpeg"
"175";"2020-11-16 21:51:57";"jpeg"
"176";"2020-11-16 21:51:57";"jpeg"
"177";"2020-11-16 21:51:57";"jpeg"
"178";"2020-11-16 21:51:57";"jpeg"
"179";"2020-11-16 21:51:57";"png"
"180";"2020-11-16 21:51:57";"jpeg"
"181";"2020-11-16 21:51:58";"jpeg"
"182";"2020-11-16 21:51:58";"jpeg"
"183";"2020-11-16 21:51:58";"jpeg"
"184";"2020-11-16 21:51:58";"gif"
"185";"2020-11-16 21:51:58";"jpeg"
"186";"2020-11-16 21:51:58";"jpeg"
"187";"2020-11-16 21:51:58";"jpeg"
"188";"2020-11-16 21:51:58";"jpeg"
"189";"2020-11-16 21:51:58";"jpeg"
"190";"2020-11-16 21:51:58";"jpeg"
"191";"2020-11-16 21:51:58";"jpeg"
"192";"2020-11-16 21:51:58";"gif"
"193";"2020-11-16 21:51:58";"png"
"194";"2020-11-16 21:51:58";"jpeg"
"195";"2020-11-16 21:51:58";"jpeg"
"196";"2020-11-16 21:51:58";"jpeg"
"197";"2020-11-16 21:51:58";"jpeg"
"198";"2020-11-16 21:51:58";"jpeg"
"199";"2020-11-16 21:51:59";"jpeg"
"200";"2020-11-16 21:51:59";"jpeg"
"201";"2020-11-16 21:51:59";"jpeg"
"202";"2020-11-16 21:51:59";"jpeg"
"203";"2020-11-16 21:51:59";"png"
"204";"2020-11-16 21:51:59";"jpeg"
"205";"2020-11-16 21:51:59";"jpeg"
"206";"2020-11-16 21:51:59";"jpeg"
"207";"2020-11-16 21:51:59";"jpeg"
"208";"2020-11-16 21:51:59";"jpeg"
"209";"2020-11-16 21:51:59";"jpeg"
"210";"2020-11-16 21:51:59";"jpeg"
"211";"2020-11-16 21:51:59";"jpeg"
"212";"2020-11-16 21:51:59";"jpeg"
"213";"2020-11-16 21:51:59";"jpeg"
"214";"2020-11-16 21:51:59";"jpeg"
"215";"2020-11-16 21:51:59";"jpeg"
"216";"2020-11-16 21:51:59";"jpeg"
"217";"2020-11-16 21:51:59";"jpeg"
"218";"2020-11-16 21:51:59";"jpeg"
"219";"2020-11-16 21:52:00";"jpeg"
"220";"2020-11-16 21:52:00";"jpeg"
"221";"2020-11-16 21:52:00";"jpeg"
"222";"2020-11-16 21:56:00";"jpeg"
"225";"2020-11-16 21:56:57";"jpeg"
"226";"2020-11-16 21:58:07";"jpeg"
"227";"2020-11-16 21:58:19";"jpeg"
"230";"2020-11-16 21:59:00";"jpeg"
"232";"2020-11-16 21:59:32";"jpeg"
"234";"2020-11-16 22:00:18";"jpeg"
"237";"2020-11-16 22:01:36";"jpeg"
"240";"2020-11-16 22:02:41";"jpeg"
"247";"2020-11-16 22:04:06";"jpeg"
"248";"2020-11-16 22:04:15";"jpeg"
"252";"2020-11-16 22:05:42";"jpeg"
"253";"2020-11-16 22:05:47";"jpeg"
"254";"2020-11-16 22:05:58";"jpeg"
"255";"2020-11-16 22:06:10";"jpeg"
"256";"2020-11-16 22:06:22";"jpeg"
"257";"2020-11-16 22:06:35";"webp"
"258";"2020-11-16 22:06:49";"jpeg"
"259";"2020-11-16 22:07:03";"jpeg"
"260";"2020-11-16 22:07:12";"jpeg"
"261";"2020-11-16 22:07:17";"jpeg"
"262";"2020-11-16 22:07:20";"jpeg"
"264";"2020-11-16 22:07:59";"jpeg"
"267";"2020-11-16 22:08:44";"jpeg"
"268";"2020-11-16 22:08:59";"jpeg"
"269";"2020-11-16 22:09:20";"jpeg"
"271";"2020-11-16 22:09:50";"jpeg"
"274";"2020-11-16 22:10:18";"jpeg"
"275";"2020-11-16 22:10:35";"jpeg"
"276";"2020-11-16 22:10:45";"jpeg"
"277";"2020-11-16 22:10:55";"jpeg"
"278";"2020-11-16 22:11:00";"jpeg"
"279";"2020-11-16 22:11:14";"jpeg"
"281";"2020-11-16 22:11:43";"png"
"284";"2020-11-16 22:12:51";"jpeg"
"287";"2020-11-16 22:13:27";"jpeg"
"290";"2020-11-16 22:13:58";"jpeg"
"291";"2020-11-16 22:14:27";"jpeg"
"292";"2020-11-16 22:14:42";"jpeg"
"294";"2020-11-16 22:15:03";"jpeg"
"297";"2020-11-16 22:15:27";"jpeg"
"298";"2020-11-16 22:15:32";"jpeg"
"299";"2020-11-16 22:15:45";"jpeg"
"300";"2020-11-16 22:15:50";"jpeg"
"302";"2020-11-16 22:16:03";"jpeg"
"306";"2020-11-16 22:16:40";"png"
"308";"2020-11-16 22:16:52";"jpeg"
"310";"2020-11-16 22:17:01";"png"
"312";"2020-11-16 22:17:14";"jpeg"
"314";"2020-11-16 22:17:33";"jpeg"
"315";"2020-11-16 22:17:36";"jpeg"
"316";"2020-11-16 22:17:39";"jpeg"
"318";"2020-11-16 22:17:49";"jpeg"
"319";"2020-11-16 22:17:55";"jpeg"
"320";"2020-11-16 22:17:57";"png"
"321";"2020-11-16 22:18:06";"jpeg"
"322";"2020-11-18 20:56:01";"jpeg"
"323";"2020-11-15 21:12:34";"jpeg"
"324";"2020-11-15 21:12:34";"jpeg"
"325";"2020-11-15 21:12:34";"jpeg"
"326";"2020-11-15 21:12:34";"png"
"327";"2020-11-15 21:12:34";"jpeg"
"328";"2020-11-15 21:12:34";"jpeg"
"329";"2020-11-15 21:12:34";"jpeg"
"545";"2021-02-08 20:34:56";"jpeg"
"546";"2021-02-08 20:36:34";"jpeg"
"547";"2021-02-08 20:40:11";"jpeg"
"548";"2021-02-08 20:54:42";"jpeg"
"549";"2021-02-08 20:57:49";"jpeg"
"550";"2021-02-08 21:05:26";"jpeg"
"551";"2021-02-08 21:06:25";"jpeg"
"552";"2021-02-08 21:25:56";"jpeg"
"553";"2021-02-08 21:28:19";"jpeg"
"554";"2021-02-08 21:34:00";"jpeg"
"555";"2021-02-08 21:34:57";"jpeg"
"556";"2021-02-08 21:36:35";"jpeg"
"557";"2021-02-08 21:38:49";"jpeg"
"558";"2021-02-08 21:39:33";"jpeg"
"559";"2021-02-08 22:19:53";"jpeg"
"560";"2021-02-08 22:50:05";"jpeg"
"561";"2021-02-09 20:33:03";"jpeg"
"562";"2021-02-09 20:40:15";"jpeg"
"563";"2021-02-09 20:47:48";"jpeg"
"564";"2021-02-09 20:48:45";"jpeg"
"565";"2021-02-09 20:49:13";"jpeg"
"566";"2021-02-09 20:49:37";"jpeg"
"567";"2021-02-09 21:18:31";"jpeg"
"568";"2021-02-09 21:21:33";"jpeg"
"569";"2021-02-09 21:44:39";"jpeg"
"570";"2021-02-09 21:45:24";"jpeg"
"571";"2021-02-09 21:45:40";"jpeg"
"572";"2021-02-09 21:45:56";"jpeg"
"573";"2021-02-10 20:57:10";"jpeg"
"574";"2021-02-11 21:11:29";"jpeg"
"575";"2021-02-11 21:14:07";"jpeg"
"576";"2021-02-12 18:56:07";"jpeg"
"577";"2021-02-12 21:57:08";"jpeg"
"578";"2021-02-12 22:37:28";"jpeg"
"583";"2021-02-14 21:27:59";"jpeg"
"584";"2021-02-14 22:08:52";"jpeg"
"585";"2021-02-15 19:46:50";"svg"
"586";"2021-02-15 19:46:50";"svg"
"587";"2021-02-15 19:46:50";"svg"
"588";"2021-02-15 19:46:50";"svg"
"589";"2021-02-15 19:46:50";"svg"
"590";"2021-02-15 19:46:50";"svg"
"591";"2021-02-15 19:46:50";"svg"
"592";"2021-02-15 19:46:50";"svg"
"593";"2021-02-15 19:46:50";"svg"
"594";"2021-02-15 19:46:50";"svg"
"595";"2021-02-15 19:46:50";"svg"
"596";"2021-02-15 19:46:50";"svg"
"597";"2021-02-15 19:46:50";"svg"
"598";"2021-02-15 19:46:50";"svg"
"599";"2021-02-15 20:59:59";"jpeg"
"602";"2021-02-15 21:31:12";"jpeg"
"605";"2021-02-16 18:44:14";"jpeg"
"606";"2021-02-16 18:44:23";"jpeg"
"607";"2021-02-16 18:44:49";"jpeg"
"611";"2021-02-17 11:37:25";"png"
"612";"2021-02-28 20:15:08";"png"
"613";"2021-02-28 20:18:20";"png"
"614";"2021-02-28 20:22:12";"png"
"615";"2021-02-28 22:10:40";"png"
"616";"2021-02-28 22:12:31";"png"
"617";"2021-03-02 19:43:40";"jpeg"
"618";"2021-03-02 19:44:40";"jpeg"
"619";"2021-03-02 19:48:57";"jpeg"
"620";"2021-03-02 19:49:15";"jpeg"
"621";"2021-03-02 19:57:31";"jpeg"
"622";"2021-03-02 20:14:22";"jpeg"
"623";"2021-03-02 20:16:13";"jpeg"
"624";"2021-03-02 20:18:20";"jpeg"
"625";"2021-03-02 20:19:39";"jpeg"
"626";"2021-03-02 20:20:04";"jpeg"
"627";"2021-03-02 20:21:09";"jpeg"
"628";"2021-03-02 20:21:35";"jpeg"
"629";"2021-03-03 11:12:14";"jpeg"
"630";"2021-03-03 11:13:27";"jpeg"
"631";"2021-03-03 11:15:07";"jpeg"
"632";"2021-03-03 11:16:22";"jpeg"
"633";"2021-03-03 11:22:42";"jpeg"
"634";"2021-03-03 16:42:13";"jpeg"
"636";"2021-03-03 18:07:14";"jpeg"
"637";"2021-03-03 20:40:00";"jpeg"
"638";"2021-03-03 20:47:05";"jpeg"
"639";"2021-03-03 20:50:41";"jpeg"
"640";"2021-03-03 20:51:24";"jpeg"
"642";"2021-03-03 21:52:02";"jpeg"
"643";"2021-03-03 21:53:28";"jpeg"
"644";"2021-03-03 21:53:44";"jpeg"
"645";"2021-03-03 21:54:13";"jpeg"
"646";"2021-03-03 22:01:59";"jpeg"
"647";"2021-03-03 22:02:13";"jpeg"
"651";"2021-03-03 22:16:51";"png"
"652";"2021-03-03 22:19:41";"png"
"653";"2021-03-03 22:21:16";"jpeg"
"659";"2021-03-03 23:39:33";"jpeg"
"665";"2021-03-04 19:58:46";"png"
"666";"2021-03-04 19:59:57";"jpeg"
"667";"2021-03-05 14:59:16";"jpeg"
"668";"2021-03-05 15:01:34";"jpeg"
"669";"2021-03-05 23:01:39";"jpeg"
"670";"2021-03-06 10:15:30";"jpeg"
"672";"2021-03-06 17:52:47";"jpeg"
"673";"2021-03-07 22:13:55";"jpeg"
"674";"2021-03-11 08:50:31";"jpeg"
"675";"2021-03-11 09:13:12";"png"
"676";"2021-03-11 09:30:01";"jpeg"
"677";"2021-03-11 09:35:10";"jpeg"
"678";"2021-03-11 09:42:06";"jpeg"
"679";"2021-03-15 19:06:52";"jpeg"
"680";"2021-03-15 19:14:09";"jpeg"
"681";"2021-03-15 19:14:53";"jpeg"
"682";"2021-03-15 19:15:29";"jpeg"
"683";"2021-03-15 19:17:18";"webp"
"684";"2021-03-15 19:18:08";"webp"
"685";"2021-03-15 19:18:55";"webp"
"686";"2021-03-16 12:01:20";"jpeg"
"687";"2021-03-16 13:00:09";"jpeg"
"688";"2021-03-16 13:04:58";"jpeg"
"690";"2021-03-16 13:26:43";"jpeg"
"691";"2021-03-16 13:30:48";"jpeg"
"692";"2021-03-16 13:32:00";"jpeg"
"693";"2021-03-16 13:33:06";"jpeg"
"694";"2021-03-16 14:11:57";"jpeg"
"695";"2021-03-16 14:12:48";"jpeg"
"698";"2021-04-22 21:42:48";"jpeg"
"699";"2021-04-22 21:47:30";"jpeg"
"700";"2021-04-22 21:50:24";"jpeg"
"702";"2021-04-22 21:51:23";"jpeg"
"704";"2021-04-22 22:14:34";"jpeg"
"705";"2021-04-23 21:42:30";"jpeg"
"706";"2021-04-23 21:43:29";"jpeg"
"711";"2021-04-23 22:27:25";"jpeg"
"712";"2021-04-23 22:29:38";"jpeg"
"714";"2021-04-24 10:37:02";"png"
"718";"2021-04-24 10:49:02";"jpeg"
"720";"2021-04-24 10:52:48";"jpeg"
"735";"2021-04-28 23:27:19";"jpeg"
"736";"2021-04-28 23:27:40";"jpeg"
"737";"2021-04-28 23:28:27";"png"
"740";"2021-04-29 18:34:02";"jpeg"
"752";"2021-04-29 18:46:25";"jpeg"
"759";"2021-04-29 18:50:29";"jpeg"
"760";"2021-04-29 18:51:52";"jpeg"
"764";"2021-04-29 18:53:46";"jpeg"
"767";"2021-04-29 18:54:29";"jpeg"
"773";"2021-04-29 19:25:52";"jpeg"
"774";"2021-04-29 19:32:46";"jpeg"
"775";"2021-04-29 19:35:08";"jpeg"
"776";"2021-04-29 19:36:43";"jpeg"
"777";"2021-04-29 19:41:50";"jpeg"
"778";"2021-04-29 19:46:12";"jpeg"
"780";"2021-04-29 19:51:53";"jpeg"
"781";"2021-04-29 20:03:56";"jpeg"
"782";"2021-04-29 20:04:29";"jpeg"
"783";"2021-04-29 20:05:39";"jpeg"
"784";"2021-04-29 20:07:15";"jpeg"
"785";"2021-04-29 20:11:08";"webp"
"786";"2021-04-29 20:12:26";"jpeg"
"788";"2021-05-03 20:51:57";"jpeg"
"790";"2021-05-04 12:59:08";"jpeg"
"791";"2021-05-04 20:08:10";"jpeg"
"792";"2021-05-05 21:28:54";"jpeg"
"795";"2021-05-21 13:57:23";"jpeg"
"797";"2021-05-24 21:35:56";"jpeg"
"798";"2021-05-24 22:07:35";"jpeg"
"799";"2021-05-24 22:12:43";"jpeg"
"801";"2021-05-25 13:05:44";"jpeg"
"802";"2021-05-25 21:20:27";"jpeg"
"803";"2021-05-25 21:58:47";"jpeg"
"804";"2021-05-25 22:00:47";"jpeg"
"805";"2021-05-25 22:01:51";"png"
"806";"2021-05-25 22:03:28";"jpeg"
"808";"2021-05-25 22:15:55";"jpeg"
"809";"2021-05-28 13:56:37";"jpeg"
"810";"2021-05-28 13:59:42";"jpeg"
"811";"2021-05-28 14:01:09";"jpeg"
"812";"2021-05-28 14:04:52";"jpeg"
"813";"2021-05-28 14:39:09";"jpeg"
"814";"2021-05-29 13:14:28";"jpeg"
"815";"2021-05-29 13:16:49";"jpeg"
"816";"2021-05-30 16:47:07";"jpeg"
"818";"2021-06-01 12:54:28";"jpeg"
"819";"2021-06-02 11:46:28";"jpeg"
"820";"2021-06-06 20:54:26";"png"
"825";"2021-06-07 13:29:18";"jpeg"
"826";"2021-06-07 13:35:41";"jpeg"
"827";"2021-06-08 12:43:23";"png"
"828";"2021-06-08 12:51:57";"png"
"829";"2021-06-08 22:42:35";"jpeg"
"830";"2021-06-09 15:33:00";"jpeg"
"831";"2021-06-09 19:51:40";"jpeg"
"832";"2021-06-09 21:29:18";"jpeg"
"833";"2021-06-09 21:47:09";"jpeg"
"834";"2021-06-09 21:48:29";"jpeg"
"835";"2021-06-09 21:50:02";"jpeg"
"836";"2021-06-09 21:54:08";"jpeg"
"837";"2021-06-09 21:55:59";"jpeg"
"838";"2021-06-09 21:59:12";"jpeg"
"839";"2021-06-09 22:04:37";"jpeg"
"840";"2021-06-09 22:06:12";"jpeg"
"841";"2021-06-09 22:13:20";"png"
"842";"2021-06-09 22:16:15";"jpeg"
"843";"2021-06-09 22:18:40";"jpeg"
"844";"2021-06-09 22:23:34";"jpeg"
"845";"2021-06-09 22:24:26";"jpeg"
"846";"2021-06-09 22:25:52";"jpeg"
"847";"2021-06-09 22:27:41";"jpeg"
"848";"2021-06-09 22:29:31";"jpeg"
"849";"2021-06-09 22:31:57";"jpeg"
"850";"2021-06-09 22:33:29";"jpeg"
"851";"2021-06-10 14:11:37";"jpeg"
"852";"2021-06-10 14:29:20";"jpeg"
"853";"2021-06-10 14:32:29";"jpeg"
"854";"2021-06-10 14:41:27";"jpeg"
"855";"2021-06-10 14:48:37";"jpeg"
"856";"2021-06-10 15:00:42";"jpeg"
"857";"2021-06-10 15:06:20";"jpeg"
"858";"2021-06-10 15:08:06";"jpeg"
"859";"2021-06-10 15:23:14";"jpeg"
"860";"2021-06-10 15:24:18";"jpeg"
"863";"2021-06-14 11:23:00";"jpeg"
"864";"2021-06-14 11:24:20";"jpeg"
"865";"2021-06-14 11:27:30";"jpeg"
"866";"2021-06-14 11:28:28";"jpeg"
"867";"2021-06-14 11:33:02";"jpeg"
"868";"2021-06-14 11:34:25";"jpeg"
"869";"2021-06-14 11:36:30";"jpeg"
"870";"2021-06-14 11:37:45";"jpeg"
"871";"2021-06-14 11:42:37";"jpeg"
"872";"2021-06-14 11:43:59";"jpeg"
"873";"2021-06-14 11:49:44";"jpeg"
"874";"2021-06-14 11:51:02";"png"
"875";"2021-06-14 11:52:24";"jpeg"
"876";"2021-06-14 11:53:31";"jpeg"
"877";"2021-06-14 12:04:48";"jpeg"
"878";"2021-06-14 12:06:16";"jpeg"
"879";"2021-06-14 12:07:14";"jpeg"
"880";"2021-06-14 12:08:24";"jpeg"
"881";"2021-06-14 12:09:39";"jpeg"
"882";"2021-06-19 12:24:58";"jpeg"
"883";"2021-06-22 21:45:16";"jpeg"
"884";"2021-07-02 11:50:11";"jpeg"
"887";"2021-07-09 12:55:35";"jpeg"
"890";"2021-07-09 21:03:09";"png"
"891";"2021-07-09 21:05:50";"png"
"896";"2021-07-10 13:53:59";"webp"
"897";"2021-07-10 13:55:12";"jpeg"
"898";"2021-07-10 13:56:16";"jpeg"
"900";"2021-07-11 16:41:28";"jpeg"
"901";"2021-07-13 14:50:52";"jpeg"
"902";"2021-07-15 14:27:20";"jpeg"
"903";"2021-07-15 14:57:32";"jpeg"
"904";"2021-07-15 14:57:54";"jpeg"
"905";"2021-07-15 14:59:07";"jpeg"
"906";"2021-07-15 15:20:08";"jpeg"
"908";"2021-07-15 15:21:25";"jpeg"
"910";"2021-07-15 15:26:01";"jpeg"
"911";"2021-07-15 15:26:20";"jpeg"
"912";"2021-07-15 15:29:47";"jpeg"
"913";"2021-07-15 15:30:07";"jpeg"
"914";"2021-07-15 15:31:09";"jpeg"
"915";"2021-07-15 15:32:08";"jpeg"
"916";"2021-07-15 15:32:25";"jpeg"
"917";"2021-07-15 15:32:43";"jpeg"
"918";"2021-07-15 15:33:06";"jpeg"
"919";"2021-07-15 15:34:29";"jpeg"
"920";"2021-07-15 15:34:46";"jpeg"
"921";"2021-07-15 15:35:18";"jpeg"
"922";"2021-07-15 15:35:38";"jpeg"
"923";"2021-07-15 15:35:55";"jpeg"
"924";"2021-07-15 15:36:12";"jpeg"
"925";"2021-07-15 15:36:58";"jpeg"
"926";"2021-07-15 15:39:51";"jpeg"
"927";"2021-07-15 15:42:15";"jpeg"
"928";"2021-07-15 15:42:47";"jpeg"
"929";"2021-07-15 15:46:30";"jpeg"
"930";"2021-07-15 15:50:12";"jpeg"
"931";"2021-07-15 15:53:24";"jpeg"
"932";"2021-07-16 12:28:19";"jpeg"
"933";"2021-07-16 12:28:50";"jpeg"
"934";"2021-07-16 12:29:11";"jpeg"
"935";"2021-07-16 12:29:26";"jpeg"
"936";"2021-07-16 14:58:06";"jpeg"
"937";"2021-07-16 15:05:11";"jpeg"
"940";"2021-07-16 16:01:10";"jpeg"
"941";"2021-07-16 16:14:43";"jpeg"
"942";"2021-07-17 14:37:44";"jpeg"
"945";"2021-07-28 12:36:23";"webp"
"947";"2021-07-30 12:32:15";"jpeg"
"948";"2021-08-02 19:22:09";"jpeg"
"949";"2021-08-12 15:21:18";"jpeg"
"950";"2021-08-13 16:06:10";"jpeg"
"951";"2021-08-14 13:30:16";"jpeg"
"952";"2021-08-14 13:36:30";"jpeg"
"953";"2021-08-21 13:58:32";"jpeg"
"954";"2021-08-21 14:10:33";"jpeg"
"956";"2021-09-05 15:10:15";"jpeg"
"957";"2021-09-05 15:10:32";"jpeg"
"958";"2021-09-05 15:11:31";"jpeg"
"959";"2021-09-05 15:14:48";"jpeg"
"960";"2021-09-05 15:25:27";"jpeg"
"962";"2021-09-06 13:04:01";"jpeg"
"963";"2021-09-10 12:48:02";"jpeg"
"964";"2021-09-12 15:41:59";"jpeg"
"965";"2021-09-12 16:02:17";"jpeg"
"966";"2021-09-12 16:03:35";"jpeg"
"967";"2021-09-12 16:05:02";"jpeg"
"968";"2021-09-12 16:22:44";"jpeg"
"969";"2021-09-12 16:23:13";"jpeg"
"970";"2021-09-12 23:09:34";"jpeg"
"971";"2021-09-15 16:28:51";"jpeg"
"972";"2021-09-17 14:51:30";"jpeg"
"973";"2021-09-17 14:53:23";"jpeg"
"975";"2021-09-17 19:09:47";"jpeg"
"976";"2021-09-20 16:04:08";"jpeg"
"977";"2021-09-20 16:19:28";"jpeg"
"978";"2021-09-20 16:20:32";"jpeg"
"979";"2021-09-20 16:24:34";"jpeg"
"980";"2021-09-20 16:26:11";"jpeg"
"982";"2021-09-20 16:43:43";"jpeg"
"983";"2021-09-20 16:44:14";"jpeg"
"984";"2021-09-20 16:44:55";"jpeg"
"985";"2021-09-20 19:04:01";"jpeg"
"986";"2021-09-20 19:04:54";"jpeg"
"987";"2021-09-21 15:00:23";"jpeg"
"988";"2021-09-25 11:59:05";"jpeg"
"990";"2021-09-25 13:05:49";"jpeg"
"991";"2021-09-25 13:12:30";"jpeg"
"992";"2021-09-25 13:12:34";"jpeg"
"993";"2021-09-25 13:15:47";"jpeg"
"994";"2021-09-26 21:19:01";"jpeg"
"995";"2021-09-27 14:43:04";"jpeg"
"997";"2021-10-12 23:44:52";"jpeg"
"998";"2021-10-20 14:49:47";"jpeg"
"1002";"2021-10-25 21:31:50";"jpeg"
"1003";"2021-10-25 21:32:57";"jpeg"
"1004";"2021-11-07 14:11:52";"jpeg"
"1005";"2021-11-10 21:00:10";"jpeg"
"1006";"2021-11-10 21:02:26";"jpeg"
"1007";"2021-11-10 21:02:55";"jpeg"
"1009";"2021-11-10 21:05:41";"jpeg"
"1010";"2021-11-10 21:06:13";"jpeg"
"1011";"2021-11-10 21:06:47";"jpeg"
"1012";"2021-11-10 21:07:35";"jpeg"
"1013";"2021-11-10 21:17:35";"jpeg"
"1014";"2021-11-10 21:18:12";"jpeg"
"1015";"2021-11-10 21:19:19";"jpeg"
"1016";"2021-11-10 21:21:14";"jpeg"
"1017";"2021-11-10 21:22:04";"jpeg"
"1018";"2021-11-10 21:25:36";"jpeg"
"1020";"2021-11-10 21:30:13";"jpeg"
"1021";"2021-11-10 21:31:23";"jpeg"
"1022";"2021-11-10 21:33:20";"jpeg"
"1023";"2021-11-10 21:33:40";"jpeg"
"1024";"2021-11-10 21:34:15";"jpeg"
"1026";"2021-11-10 21:35:52";"jpeg"
"1027";"2021-11-10 21:36:44";"jpeg"
"1028";"2021-11-10 21:42:26";"jpeg"
"1029";"2021-11-10 21:49:19";"jpeg"
"1030";"2021-11-10 21:50:13";"jpeg"
"1031";"2021-11-10 21:54:13";"jpeg"
"1032";"2021-11-11 09:32:02";"jpeg"
"1033";"2021-11-11 09:45:07";"png"
"1034";"2021-11-11 09:50:09";"jpeg"
"1035";"2021-11-11 09:52:03";"jpeg"
"1037";"2021-11-11 09:57:05";"jpeg"
"1038";"2021-11-11 09:58:40";"jpeg"
"1040";"2021-11-11 10:18:09";"jpeg"
"1041";"2021-11-11 10:21:17";"jpeg"
"1043";"2021-11-11 10:27:39";"jpeg"
"1047";"2021-11-12 13:59:08";"jpeg"
"1049";"2021-11-13 12:48:30";"jpeg"
"1052";"2021-11-14 12:15:39";"jpeg"
"1054";"2021-11-18 20:04:10";"jpeg"
"1055";"2021-11-20 15:00:22";"jpeg"
"1056";"2021-11-20 15:02:59";"jpeg"
"1057";"2021-11-20 15:05:21";"jpeg"
"1059";"2021-11-23 19:46:54";"jpeg"
"1061";"2021-11-25 13:51:48";"jpeg"
"1062";"2021-11-25 13:56:51";"jpeg"
"1063";"2021-11-27 14:38:02";"jpeg"
"1064";"2021-12-03 12:58:16";"jpeg"
"1065";"2021-12-03 12:59:05";"jpeg"
"1066";"2021-12-03 13:09:50";"jpeg"
"1067";"2021-12-03 13:16:24";"jpeg"
"1069";"2021-12-08 15:52:37";"jpeg"
"1070";"2021-12-08 15:56:25";"jpeg"
"1071";"2021-12-14 12:45:19";"jpeg"
"1072";"2021-12-20 11:41:18";"jpeg"
"1073";"2021-12-20 11:42:15";"jpeg"
"1074";"2021-12-30 20:55:46";"jpeg"
"1075";"2022-01-03 14:46:29";"png"
"1076";"2022-01-03 20:35:42";"jpeg"
"1079";"2022-01-28 13:13:06";"jpeg"
"1080";"2022-02-04 14:52:44";"jpeg"
"1085";"2022-02-11 18:50:50";"jpeg"
"1086";"2022-02-16 12:40:13";"jpeg"
"1087";"2022-02-16 12:41:40";"jpeg"
"1088";"2022-02-16 12:41:51";"jpeg"
"1089";"2022-02-17 20:05:02";"jpeg"
"1090";"2022-02-20 20:35:45";"jpeg"
"1091";"2022-02-21 11:53:37";"jpeg"
"1093";"2022-02-26 18:53:17";"jpeg"
"1094";"2022-02-26 18:53:47";"jpeg"
"1095";"2022-02-26 18:56:48";"jpeg"
"1096";"2022-02-26 18:58:07";"jpeg"
"1097";"2022-03-01 11:47:19";"jpeg"
"1098";"2022-03-12 21:53:42";"jpeg"
"1099";"2022-03-12 21:56:46";"jpeg"
"1100";"2022-03-12 21:57:19";"jpeg"
"1101";"2022-03-12 22:11:23";"jpeg"
"1102";"2022-03-14 21:27:09";"jpeg"
"1103";"2022-03-15 22:43:10";"jpeg"
"1104";"2022-03-20 20:37:06";"jpeg"
"1105";"2022-03-27 15:31:43";"jpeg"
"1109";"2022-04-04 20:10:33";"avif"
"1110";"2022-04-10 17:13:08";"jpeg"
"1113";"2022-04-23 13:10:49";"jpeg"
"1114";"2022-05-04 14:21:38";"jpeg"
"1116";"2022-05-07 13:45:41";"jpeg"
"1118";"2022-05-11 14:55:31";"jpeg"
"1120";"2022-05-20 14:10:59";"jpeg"
"1121";"2022-05-20 14:15:04";"jpeg"
"1122";"2022-05-20 14:28:49";"png"
"1123";"2022-05-20 14:34:44";"jpeg"
"1124";"2022-05-20 16:47:53";"jpeg"
"1125";"2022-05-20 16:50:38";"jpeg"
"1127";"2022-05-24 13:15:58";"jpeg"
"1128";"2022-06-08 20:25:31";"jpeg"
"1129";"2022-06-09 16:43:00";"jpeg"
"1130";"2022-07-13 16:46:22";"webp"
"1131";"2022-07-13 16:47:37";"jpeg"
"1132";"2022-07-14 17:28:44";"jpeg"
"1133";"2022-07-14 17:29:53";"jpeg"
"1134";"2022-07-14 17:40:42";"jpeg"
"1135";"2022-07-14 17:41:30";"jpeg"
"1136";"2022-07-19 15:44:10";"jpeg"
"1137";"2022-07-20 12:33:05";"jpeg"
"1138";"2022-07-23 13:13:38";"jpeg"
"1139";"2022-09-01 12:52:29";"jpeg"
"1140";"2022-09-01 12:53:34";"jpeg"
"1141";"2022-09-01 12:56:39";"jpeg"
"1142";"2022-09-02 22:49:29";"jpeg"
"1144";"2022-09-12 13:52:33";"jpeg"
"1145";"2022-09-12 13:57:53";"jpeg"
"1146";"2022-09-17 14:49:51";"jpeg"
"1147";"2022-09-27 13:57:07";"jpeg"
"1148";"2022-09-27 13:57:22";"jpeg"
"1149";"2022-09-27 13:57:51";"jpeg"
"1150";"2022-09-27 13:59:20";"jpeg"
"1151";"2022-09-27 14:01:33";"jpeg"
"1152";"2022-09-27 14:05:15";"jpeg"
"1153";"2022-09-30 20:23:42";"jpeg"
"1154";"2022-10-20 15:08:21";"jpeg"
"1158";"2022-10-20 15:46:42";"jpeg"
"1159";"2022-10-20 15:48:27";"jpeg"
"1160";"2022-10-20 15:57:28";"png"
"1161";"2022-10-20 16:00:30";"webp"
"1162";"2022-10-20 16:07:57";"jpeg"
"1163";"2022-10-27 13:22:31";"jpeg"
"1164";"2022-10-27 13:27:06";"jpeg"
"1165";"2022-10-28 16:23:13";"png"
"1166";"2022-10-28 16:26:03";"webp"
"1167";"2022-10-28 16:34:24";"jpeg"
"1168";"2022-10-28 16:36:39";"jpeg"
"1169";"2022-11-08 18:37:51";"jpeg"
"1170";"2022-11-10 18:48:42";"jpeg"
"1171";"2022-11-19 12:08:36";"jpeg"
"1173";"2022-11-20 18:35:50";"jpeg"
"1176";"2022-12-02 14:25:34";"webp"
"1177";"2022-12-09 16:31:18";"png"
"1180";"2022-12-09 16:43:24";"jpeg"
"1181";"2022-12-09 19:38:29";"jpeg"
"1182";"2022-12-11 20:39:33";"jpeg"
"1183";"2022-12-11 20:58:47";"jpeg"
"1184";"2022-12-11 21:00:24";"jpeg"
"1185";"2022-12-11 21:05:28";"jpeg"
"1186";"2022-12-11 21:07:55";"jpeg"
"1187";"2022-12-11 21:12:21";"jpeg"
"1190";"2022-12-11 21:36:28";"jpeg"
"1191";"2022-12-11 21:55:01";"jpeg"
"1192";"2022-12-12 13:39:51";"jpeg"
"1193";"2022-12-14 18:24:52";"jpeg"
"1194";"2022-12-14 18:25:47";"jpeg"
"1195";"2022-12-14 18:27:48";"jpeg"
"1196";"2022-12-14 21:15:24";"jpeg"
"1197";"2022-12-14 21:18:54";"jpeg"
"1198";"2022-12-14 21:22:29";"jpeg"
"1199";"2022-12-14 21:24:38";"jpeg"
"1200";"2022-12-14 21:25:44";"jpeg"
"1201";"2022-12-14 21:40:43";"jpeg"
"1202";"2022-12-14 21:46:51";"jpeg"
"1203";"2022-12-14 21:49:43";"jpeg"
"1204";"2022-12-14 21:55:12";"jpeg"
"1205";"2022-12-14 22:12:43";"webp"
"1206";"2022-12-15 11:52:56";"jpeg"
"1208";"2022-12-15 13:49:53";"jpeg"
"1209";"2022-12-15 13:53:58";"jpeg"
"1210";"2022-12-15 13:55:52";"jpeg"
"1211";"2022-12-15 14:52:20";"jpeg"
"1212";"2022-12-16 16:18:43";"png"
"1213";"2022-12-16 21:05:21";"jpeg"
"1214";"2022-12-18 21:43:22";"jpeg"
"1215";"2022-12-18 21:53:54";"jpeg"
"1216";"2022-12-25 11:52:48";"jpeg"
"1217";"2022-12-28 21:30:28";"jpeg"
"1218";"2023-01-01 12:53:33";"jpeg"
"1219";"2023-01-01 22:57:04";"jpeg"
"1220";"2023-01-01 23:00:00";"jpeg"
"1221";"2023-01-01 23:01:41";"jpeg"
"1223";"2023-02-03 21:34:16";"jpeg"
"1224";"2023-02-04 15:00:37";"jpeg"
"1225";"2023-02-04 15:04:19";"jpeg"
"1226";"2023-02-04 15:07:22";"jpeg"
"1227";"2023-02-04 15:39:03";"jpeg"
"1228";"2023-02-09 15:05:56";"jpeg"
"1229";"2023-02-09 15:06:16";"jpeg"
"1230";"2023-02-09 15:07:40";"jpeg"
"1231";"2023-02-10 15:49:08";"jpeg"
"1232";"2023-02-10 15:51:30";"jpeg"
"1233";"2023-02-23 15:17:57";"jpeg"
"1234";"2023-02-23 15:24:05";"jpeg"
"1235";"2023-02-23 15:27:03";"jpeg"
"1236";"2023-02-23 15:32:21";"jpeg"
"1237";"2023-02-23 15:36:23";"jpeg"
"1238";"2023-02-23 15:41:09";"jpeg"
"1239";"2023-02-23 15:44:13";"jpeg"
"1240";"2023-02-23 15:48:04";"jpeg"
"1241";"2023-02-23 15:51:55";"jpeg"
"1242";"2023-02-23 15:54:19";"jpeg"
"1243";"2023-02-23 15:56:14";"png"
"1244";"2023-02-23 15:59:42";"jpeg"
"1246";"2023-02-23 16:47:59";"jpeg"
"1247";"2023-02-23 16:50:45";"jpeg"
"1249";"2023-02-23 16:56:01";"jpeg"
"1250";"2023-02-23 17:06:13";"png"
"1251";"2023-02-25 12:31:55";"jpeg"
"1253";"2023-02-27 17:15:35";"jpeg"
"1254";"2023-02-27 17:18:28";"jpeg"
"1255";"2023-02-27 17:23:48";"jpeg"
"1256";"2023-02-27 17:27:22";"jpeg"
"1257";"2023-02-27 17:33:06";"jpeg"
"1258";"2023-02-27 17:34:57";"jpeg"
"1259";"2023-02-27 17:37:56";"jpeg"
"1260";"2023-02-27 17:40:02";"jpeg"
"1261";"2023-02-27 17:42:50";"jpeg"
"1264";"2023-03-24 17:17:57";"jpeg"
"1265";"2023-03-24 17:31:12";"jpeg"
"1266";"2023-03-25 11:45:40";"jpeg"
"1267";"2023-03-28 17:03:45";"jpeg"
"1268";"2023-03-29 12:31:32";"jpeg"
"1269";"2023-03-29 19:29:57";"jpeg"
"1270";"2023-03-29 19:34:34";"jpeg"
"1271";"2023-03-29 19:37:17";"jpeg"
"1272";"2023-03-29 20:09:43";"jpeg"
"1273";"2023-03-29 20:13:49";"jpeg"
"1274";"2023-03-29 20:15:27";"jpeg"
"1275";"2023-03-29 20:17:12";"jpeg"
"1276";"2023-03-29 20:19:06";"jpeg"
"1277";"2023-03-29 20:23:13";"jpeg"
"1278";"2023-03-29 20:24:08";"jpeg"
"1279";"2023-03-29 20:29:33";"jpeg"
"1280";"2023-03-29 20:31:55";"jpeg"
"1283";"2023-04-01 12:02:33";"jpeg"
"1284";"2023-04-01 12:10:53";"jpeg"
"1285";"2023-04-01 12:23:56";"jpeg"
"1286";"2023-04-03 18:06:00";"jpeg"
"1289";"2023-04-03 18:09:26";"jpeg"
"1290";"2023-04-03 18:10:37";"png"
"1291";"2023-04-03 18:22:40";"jpeg"
"1292";"2023-04-03 18:45:04";"jpeg"
"1293";"2023-04-03 18:46:59";"jpeg"
"1294";"2023-04-06 21:52:35";"jpeg"
"1295";"2023-04-07 21:16:45";"jpeg"
"1296";"2023-04-07 21:19:29";"jpeg"
"1297";"2023-04-07 21:20:58";"jpeg"
"1298";"2023-04-07 21:23:10";"jpeg"
"1299";"2023-04-07 21:46:49";"jpeg"
"1300";"2023-04-07 21:48:49";"jpeg"
"1301";"2023-04-07 22:05:50";"jpeg"
"1302";"2023-04-07 22:09:38";"jpeg"
"1303";"2023-04-07 22:12:07";"jpeg"
"1304";"2023-04-07 22:13:33";"jpeg"
"1305";"2023-04-12 19:07:07";"jpeg"
"1307";"2023-04-18 17:18:02";"jpeg"
"1308";"2023-04-20 13:11:45";"jpeg"
"1310";"2023-04-22 16:20:07";"jpeg"
"1311";"2023-04-22 16:24:45";"jpeg"
"1312";"2023-04-22 16:29:16";"jpeg"
"1314";"2023-05-18 17:13:39";"webp"
"1319";"2023-05-18 18:28:27";"webp"
"1321";"2023-05-20 13:36:03";"jpeg"
"1322";"2023-05-20 13:40:43";"png"
"1323";"2023-05-20 15:48:58";"jpeg"
"1325";"2023-05-20 15:50:32";"jpeg"
"1326";"2023-05-20 15:50:47";"jpeg"
"1327";"2023-05-20 15:51:28";"jpeg"
"1328";"2023-05-20 15:52:21";"jpeg"
"1329";"2023-05-20 15:52:36";"jpeg"
"1330";"2023-05-20 15:53:10";"png"
"1331";"2023-05-20 15:53:20";"jpeg"
"1332";"2023-05-20 15:53:56";"jpeg"
"1333";"2023-05-20 15:54:10";"jpeg"
"1334";"2023-05-20 15:54:27";"jpeg"
"1335";"2023-05-22 19:30:10";"jpeg"
"1336";"2023-05-26 15:21:41";"jpeg"
"1337";"2023-05-26 21:44:55";"jpeg"
"1338";"2023-05-29 15:21:11";"webp"
"1339";"2023-05-30 15:00:24";"jpeg"
"1340";"2023-06-27 16:40:44";"jpeg"
"1343";"2023-07-10 14:11:25";"jpeg"
"1344";"2023-07-10 14:41:38";"jpeg"
"1345";"2023-07-10 14:44:18";"jpeg"
"1346";"2023-07-10 18:27:49";"jpeg"
"1348";"2023-07-10 18:31:07";"jpeg"
"1349";"2023-07-10 18:36:03";"jpeg"
"1350";"2023-07-11 13:29:12";"jpeg"
"1351";"2023-07-11 16:33:59";"jpeg"
"1352";"2023-07-11 16:35:53";"jpeg"
"1353";"2023-07-11 16:37:35";"jpeg"
"1354";"2023-07-11 16:39:07";"jpeg"
"1355";"2023-07-11 16:44:38";"jpeg"
"1356";"2023-07-11 16:46:14";"jpeg"
"1357";"2023-07-12 15:47:29";"jpeg"
"1358";"2023-07-12 15:54:28";"jpeg"
"1359";"2023-07-12 16:08:41";"jpeg"
"1360";"2023-07-13 16:34:57";"jpeg"
"1362";"2023-07-19 16:09:32";"webp"
"1363";"2023-07-19 16:20:57";"jpeg"
"1364";"2023-07-19 16:26:45";"jpeg"
"1365";"2023-07-19 16:29:05";"jpeg"
"1366";"2023-07-19 16:31:26";"webp"
"1367";"2023-07-20 14:35:12";"webp"
"1368";"2023-07-20 14:38:54";"jpeg"
"1369";"2023-07-20 14:40:40";"webp"
"1370";"2023-07-20 14:41:51";"jpeg"
"1371";"2023-07-20 14:43:52";"jpeg"
"1372";"2023-07-20 14:45:19";"jpeg"
"1373";"2023-07-20 14:47:04";"webp"
"1374";"2023-07-22 15:44:05";"jpeg"
"1375";"2023-07-22 15:44:43";"jpeg"
"1376";"2023-07-22 15:45:04";"webp"
"1377";"2023-07-22 15:45:30";"png"
"1378";"2023-07-22 15:45:44";"jpeg"
"1379";"2023-07-23 16:58:33";"jpeg"
"1380";"2023-07-23 19:09:00";"jpeg"
"1381";"2023-07-26 15:14:09";"jpeg"
"1382";"2023-07-26 15:20:50";"jpeg"
"1383";"2023-07-27 14:49:14";"jpeg"
"1385";"2023-08-04 18:25:27";"jpeg"
"1386";"2023-08-15 13:45:27";"jpeg"
"1387";"2023-08-17 17:52:19";"jpeg"
"1388";"2023-09-10 13:53:01";"jpeg"
"1389";"2023-09-10 13:55:16";"jpeg"
"1390";"2023-09-10 13:56:21";"jpeg"
"1391";"2023-09-10 13:59:39";"jpeg"
"1392";"2023-09-10 14:01:59";"jpeg"
"1393";"2023-09-10 14:08:50";"jpeg"
"1394";"2023-09-10 14:09:16";"jpeg"
"1395";"2023-09-10 14:09:42";"jpeg"
"1396";"2023-09-13 15:10:49";"jpeg"
"1397";"2023-09-13 15:25:02";"jpeg"
"1398";"2023-09-13 15:27:31";"jpeg"
"1399";"2023-09-24 22:16:21";"jpeg"
"1400";"2023-09-27 15:16:15";"jpeg"
"1401";"2023-10-26 15:02:50";"jpeg"
"1402";"2023-10-26 15:15:19";"jpeg"
"1403";"2023-10-26 15:24:06";"jpeg"
"1404";"2023-10-28 16:42:29";"webp"
"1405";"2023-10-28 16:42:58";"jpeg"
"1406";"2023-10-28 16:44:06";"jpeg"
"1407";"2023-11-01 15:03:26";"jpeg"
"1408";"2023-11-01 15:06:27";"jpeg"
"1409";"2023-11-01 15:07:08";"jpeg"
"1410";"2023-11-01 15:07:46";"jpeg"
"1411";"2023-11-01 15:12:22";"jpeg"
"1412";"2023-11-06 15:16:42";"jpeg"
"1413";"2023-11-09 14:53:06";"jpeg"
"1414";"2023-11-09 15:07:27";"jpeg"
"1415";"2023-11-12 18:19:57";"jpeg"
"1416";"2023-11-12 18:26:07";"jpeg"
"1417";"2023-11-12 18:27:07";"jpeg"
"1418";"2023-11-12 18:32:33";"jpeg"
"1419";"2023-11-12 18:33:01";"jpeg"
"1420";"2023-11-12 18:33:24";"jpeg"
"1421";"2023-11-12 18:34:40";"jpeg"
"1422";"2023-11-12 18:35:54";"jpeg"
"1423";"2023-11-12 18:57:40";"jpeg"
"1424";"2023-11-22 15:03:08";"jpeg"
"1425";"2023-11-24 19:11:02";"jpeg"
"1426";"2023-11-25 15:55:59";"jpeg"
"1427";"2023-11-25 19:06:03";"jpeg"
"1428";"2023-11-25 19:18:12";"jpeg"
"1429";"2023-12-01 12:44:35";"jpeg"
"1430";"2023-12-23 14:29:58";"jpeg"
"1431";"2023-12-30 16:47:38";"jpeg"
"1432";"2023-12-30 16:50:01";"png"
"1433";"2023-12-30 16:51:23";"jpeg"
"1434";"2024-01-01 13:14:51";"jpeg"
"1435";"2024-01-10 15:03:25";"jpeg"
"1436";"2024-02-15 16:35:26";"jpeg"
"1437";"2024-02-16 19:53:09";"jpeg"
"1438";"2024-02-16 19:55:50";"jpeg"
"1439";"2024-02-19 16:35:32";"jpeg"
"1440";"2024-02-19 16:37:15";"jpeg"
"1441";"2024-02-22 12:06:28";"jpeg"
"1442";"2024-02-22 13:41:35";"jpeg"
"1443";"2024-02-22 13:44:27";"jpeg"
"1445";"2024-02-23 18:58:16";"jpeg"
"1446";"2024-02-23 19:01:44";"jpeg"
"1447";"2024-02-23 19:02:12";"jpeg"
"1448";"2024-02-23 19:03:52";"jpeg"
"1449";"2024-02-23 19:07:53";"jpeg"
"1450";"2024-02-26 14:24:26";"jpeg"
"1451";"2024-02-26 14:50:12";"jpeg"
"1452";"2024-02-26 14:56:13";"jpeg"
"1453";"2024-03-17 13:39:42";"jpeg"
"1454";"2024-03-17 13:41:31";"jpeg"
"1455";"2024-03-17 13:42:29";"jpeg"
"1456";"2024-03-17 13:45:03";"jpeg"
"1457";"2024-03-22 16:46:35";"jpeg"
"1458";"2024-03-22 16:49:11";"jpeg"
"1459";"2024-03-22 16:51:13";"jpeg"
"1460";"2024-03-22 17:03:23";"jpeg"
"1461";"2024-03-22 17:07:15";"jpeg"
"1462";"2024-03-22 17:13:39";"jpeg"
"1463";"2024-03-24 14:09:16";"jpeg"
"1464";"2024-03-24 15:31:15";"jpeg"
"1466";"2024-03-25 11:01:10";"jpeg"
"1467";"2024-03-27 19:41:59";"jpeg"
